message_type	message	enc_class	enc_member	offset	path	target_kind	target_class	target_method	target_param	target_index	target_path
RETURN_NULLABLE	returning @Nullable expression from method with @NonNull return type	com.leinardi.android.speeddial.UiUtils	getBitmapFromDrawable(android.graphics.drawable.Drawable)	9689	/home/nima/Developer/nullness-benchmarks/FloatingActionButtonSpeedDial/library-view/src/main/java/com/leinardi/android/speeddial/UiUtils.java	METHOD	com.leinardi.android.speeddial.UiUtils	getBitmapFromDrawable(android.graphics.drawable.Drawable)	null	null	/home/nima/Developer/nullness-benchmarks/FloatingActionButtonSpeedDial/library-view/src/main/java/com/leinardi/android/speeddial/UiUtils.java
RETURN_NULLABLE	returning @Nullable expression from method with @NonNull return type	com.leinardi.android.speeddial.UiUtils	getDrawableFromBitmap(android.graphics.Bitmap)	10841	/home/nima/Developer/nullness-benchmarks/FloatingActionButtonSpeedDial/library-view/src/main/java/com/leinardi/android/speeddial/UiUtils.java	METHOD	com.leinardi.android.speeddial.UiUtils	getDrawableFromBitmap(android.graphics.Bitmap)	null	null	/home/nima/Developer/nullness-benchmarks/FloatingActionButtonSpeedDial/library-view/src/main/java/com/leinardi/android/speeddial/UiUtils.java
RETURN_NULLABLE	returning @Nullable expression from method with @NonNull return type	com.leinardi.android.speeddial.SpeedDialActionItem	getLabel(android.content.Context)	3690	/home/nima/Developer/nullness-benchmarks/FloatingActionButtonSpeedDial/library-view/src/main/java/com/leinardi/android/speeddial/SpeedDialActionItem.java	METHOD	com.leinardi.android.speeddial.SpeedDialActionItem	getLabel(android.content.Context)	null	null	/home/nima/Developer/nullness-benchmarks/FloatingActionButtonSpeedDial/library-view/src/main/java/com/leinardi/android/speeddial/SpeedDialActionItem.java
RETURN_NULLABLE	returning @Nullable expression from method with @NonNull return type	com.leinardi.android.speeddial.SpeedDialActionItem	getContentDescription(android.content.Context)	4023	/home/nima/Developer/nullness-benchmarks/FloatingActionButtonSpeedDial/library-view/src/main/java/com/leinardi/android/speeddial/SpeedDialActionItem.java	METHOD	com.leinardi.android.speeddial.SpeedDialActionItem	getContentDescription(android.content.Context)	null	null	/home/nima/Developer/nullness-benchmarks/FloatingActionButtonSpeedDial/library-view/src/main/java/com/leinardi/android/speeddial/SpeedDialActionItem.java
RETURN_NULLABLE	returning @Nullable expression from method with @NonNull return type	com.leinardi.android.speeddial.SpeedDialActionItem	getFabImageDrawable(android.content.Context)	4663	/home/nima/Developer/nullness-benchmarks/FloatingActionButtonSpeedDial/library-view/src/main/java/com/leinardi/android/speeddial/SpeedDialActionItem.java	METHOD	com.leinardi.android.speeddial.SpeedDialActionItem	getFabImageDrawable(android.content.Context)	null	null	/home/nima/Developer/nullness-benchmarks/FloatingActionButtonSpeedDial/library-view/src/main/java/com/leinardi/android/speeddial/SpeedDialActionItem.java
PASS_NULLABLE	passing @Nullable parameter 'null' where @NonNull is required	com.leinardi.android.speeddial.SpeedDialActionItem	createFabWithLabelView(android.content.Context)	5658	/home/nima/Developer/nullness-benchmarks/FloatingActionButtonSpeedDial/library-view/src/main/java/com/leinardi/android/speeddial/SpeedDialActionItem.java	PARAMETER	com.leinardi.android.speeddial.FabWithLabelView	FabWithLabelView(android.content.Context,android.util.AttributeSet,int)	attrs	1	/home/nima/Developer/nullness-benchmarks/FloatingActionButtonSpeedDial/library-view/src/main/java/com/leinardi/android/speeddial/FabWithLabelView.java
METHOD_NO_INIT	initializer method does not guarantee @NonNull fields mFabImageDrawable (line 202), mLabel (line 209), mContentDescription (line 213) are initialized along all control-flow paths (remember to check for exceptions or early returns).	com.leinardi.android.speeddial.SpeedDialActionItem$Builder	Builder(int,int)	7411	/home/nima/Developer/nullness-benchmarks/FloatingActionButtonSpeedDial/library-view/src/main/java/com/leinardi/android/speeddial/SpeedDialActionItem.java	null	null	null	null	null	null
METHOD_NO_INIT	initializer method does not guarantee @NonNull fields mLabel (line 209), mContentDescription (line 213) are initialized along all control-flow paths (remember to check for exceptions or early returns).	com.leinardi.android.speeddial.SpeedDialActionItem$Builder	Builder(int,android.graphics.drawable.Drawable)	8258	/home/nima/Developer/nullness-benchmarks/FloatingActionButtonSpeedDial/library-view/src/main/java/com/leinardi/android/speeddial/SpeedDialActionItem.java	null	null	null	null	null	null
ASSIGN_FIELD_NULLABLE	assigning @Nullable expression to @NonNull field	com.leinardi.android.speeddial.SpeedDialActionItem$Builder	Builder(int,int)	7562	/home/nima/Developer/nullness-benchmarks/FloatingActionButtonSpeedDial/library-view/src/main/java/com/leinardi/android/speeddial/SpeedDialActionItem.java	FIELD	com.leinardi.android.speeddial.SpeedDialActionItem$Builder	null	mFabImageDrawable	null	/home/nima/Developer/nullness-benchmarks/FloatingActionButtonSpeedDial/library-view/src/main/java/com/leinardi/android/speeddial/SpeedDialActionItem.java
ASSIGN_FIELD_NULLABLE	assigning @Nullable expression to @NonNull field	com.leinardi.android.speeddial.SpeedDialActionItem	SpeedDialActionItem(android.os.Parcel)	13567	/home/nima/Developer/nullness-benchmarks/FloatingActionButtonSpeedDial/library-view/src/main/java/com/leinardi/android/speeddial/SpeedDialActionItem.java	FIELD	com.leinardi.android.speeddial.SpeedDialActionItem	null	mFabImageDrawable	null	/home/nima/Developer/nullness-benchmarks/FloatingActionButtonSpeedDial/library-view/src/main/java/com/leinardi/android/speeddial/SpeedDialActionItem.java
METHOD_NO_INIT	initializer method does not guarantee @NonNull fields mMainFabCloseOriginalDrawable (line 97), mOverlayLayout (line 102), mOnChangeListener (line 104), mOnActionSelectedListener (line 106) are initialized along all control-flow paths (remember to check for exceptions or early returns).	com.leinardi.android.speeddial.SpeedDialView	SpeedDialView(android.content.Context)	5017	/home/nima/Developer/nullness-benchmarks/FloatingActionButtonSpeedDial/library-view/src/main/java/com/leinardi/android/speeddial/SpeedDialView.java	null	null	null	null	null	null
METHOD_NO_INIT	initializer method does not guarantee @NonNull fields mMainFabCloseOriginalDrawable (line 97), mOverlayLayout (line 102), mOnChangeListener (line 104), mOnActionSelectedListener (line 106) are initialized along all control-flow paths (remember to check for exceptions or early returns).	com.leinardi.android.speeddial.SpeedDialView	SpeedDialView(android.content.Context,android.util.AttributeSet)	5121	/home/nima/Developer/nullness-benchmarks/FloatingActionButtonSpeedDial/library-view/src/main/java/com/leinardi/android/speeddial/SpeedDialView.java	null	null	null	null	null	null
METHOD_NO_INIT	initializer method does not guarantee @NonNull fields mMainFabCloseOriginalDrawable (line 97), mOverlayLayout (line 102), mOnChangeListener (line 104), mOnActionSelectedListener (line 106) are initialized along all control-flow paths (remember to check for exceptions or early returns).	com.leinardi.android.speeddial.SpeedDialView	SpeedDialView(android.content.Context,android.util.AttributeSet,int)	5253	/home/nima/Developer/nullness-benchmarks/FloatingActionButtonSpeedDial/library-view/src/main/java/com/leinardi/android/speeddial/SpeedDialView.java	null	null	null	null	null	null
ASSIGN_FIELD_NULLABLE	assigning @Nullable expression to @NonNull field	com.leinardi.android.speeddial.SpeedDialView	mMainFabClosedDrawable	4045	/home/nima/Developer/nullness-benchmarks/FloatingActionButtonSpeedDial/library-view/src/main/java/com/leinardi/android/speeddial/SpeedDialView.java	FIELD	com.leinardi.android.speeddial.SpeedDialView	null	mMainFabClosedDrawable	null	/home/nima/Developer/nullness-benchmarks/FloatingActionButtonSpeedDial/library-view/src/main/java/com/leinardi/android/speeddial/SpeedDialView.java
ASSIGN_FIELD_NULLABLE	assigning @Nullable expression to @NonNull field	com.leinardi.android.speeddial.SpeedDialView	mMainFabOpenedDrawable	4102	/home/nima/Developer/nullness-benchmarks/FloatingActionButtonSpeedDial/library-view/src/main/java/com/leinardi/android/speeddial/SpeedDialView.java	FIELD	com.leinardi.android.speeddial.SpeedDialView	null	mMainFabOpenedDrawable	null	/home/nima/Developer/nullness-benchmarks/FloatingActionButtonSpeedDial/library-view/src/main/java/com/leinardi/android/speeddial/SpeedDialView.java
PASS_NULLABLE	passing @Nullable parameter 'null' where @NonNull is required	com.leinardi.android.speeddial.SpeedDialView	SpeedDialView(android.content.Context)	5089	/home/nima/Developer/nullness-benchmarks/FloatingActionButtonSpeedDial/library-view/src/main/java/com/leinardi/android/speeddial/SpeedDialView.java	PARAMETER	com.leinardi.android.speeddial.SpeedDialView	init(android.content.Context,android.util.AttributeSet)	attrs	1	/home/nima/Developer/nullness-benchmarks/FloatingActionButtonSpeedDial/library-view/src/main/java/com/leinardi/android/speeddial/SpeedDialView.java
PASS_NULLABLE	passing @Nullable parameter 'null' where @NonNull is required	com.leinardi.android.speeddial.SpeedDialView	show()	7134	/home/nima/Developer/nullness-benchmarks/FloatingActionButtonSpeedDial/library-view/src/main/java/com/leinardi/android/speeddial/SpeedDialView.java	PARAMETER	com.leinardi.android.speeddial.SpeedDialView	show(com.google.android.material.floatingactionbutton.FloatingActionButton.OnVisibilityChangedListener)	listener	0	/home/nima/Developer/nullness-benchmarks/FloatingActionButtonSpeedDial/library-view/src/main/java/com/leinardi/android/speeddial/SpeedDialView.java
PASS_NULLABLE	passing @Nullable parameter 'null' where @NonNull is required	com.leinardi.android.speeddial.SpeedDialView	hide()	9163	/home/nima/Developer/nullness-benchmarks/FloatingActionButtonSpeedDial/library-view/src/main/java/com/leinardi/android/speeddial/SpeedDialView.java	PARAMETER	com.leinardi.android.speeddial.SpeedDialView	hide(com.google.android.material.floatingactionbutton.FloatingActionButton.OnVisibilityChangedListener)	listener	0	/home/nima/Developer/nullness-benchmarks/FloatingActionButtonSpeedDial/library-view/src/main/java/com/leinardi/android/speeddial/SpeedDialView.java
PASS_NULLABLE	passing @Nullable parameter 'menuItem.getTitle() != null ? menuItem.getTitle().toString() : null' where @NonNull is required	com.leinardi.android.speeddial.SpeedDialView	inflate(int)	11774	/home/nima/Developer/nullness-benchmarks/FloatingActionButtonSpeedDial/library-view/src/main/java/com/leinardi/android/speeddial/SpeedDialView.java	PARAMETER	com.leinardi.android.speeddial.SpeedDialActionItem$Builder	setLabel(java.lang.String)	label	0	/home/nima/Developer/nullness-benchmarks/FloatingActionButtonSpeedDial/library-view/src/main/java/com/leinardi/android/speeddial/SpeedDialActionItem.java
RETURN_NULLABLE	returning @Nullable expression from method with @NonNull return type	com.leinardi.android.speeddial.SpeedDialView	replaceActionItem(com.leinardi.android.speeddial.SpeedDialActionItem,com.leinardi.android.speeddial.SpeedDialActionItem)	18619	/home/nima/Developer/nullness-benchmarks/FloatingActionButtonSpeedDial/library-view/src/main/java/com/leinardi/android/speeddial/SpeedDialView.java	METHOD	com.leinardi.android.speeddial.SpeedDialView	replaceActionItem(com.leinardi.android.speeddial.SpeedDialActionItem,com.leinardi.android.speeddial.SpeedDialActionItem)	null	null	/home/nima/Developer/nullness-benchmarks/FloatingActionButtonSpeedDial/library-view/src/main/java/com/leinardi/android/speeddial/SpeedDialView.java
RETURN_NULLABLE	returning @Nullable expression from method with @NonNull return type	com.leinardi.android.speeddial.SpeedDialView	replaceActionItem(com.leinardi.android.speeddial.SpeedDialActionItem,com.leinardi.android.speeddial.SpeedDialActionItem)	18899	/home/nima/Developer/nullness-benchmarks/FloatingActionButtonSpeedDial/library-view/src/main/java/com/leinardi/android/speeddial/SpeedDialView.java	METHOD	com.leinardi.android.speeddial.SpeedDialView	replaceActionItem(com.leinardi.android.speeddial.SpeedDialActionItem,com.leinardi.android.speeddial.SpeedDialActionItem)	null	null	/home/nima/Developer/nullness-benchmarks/FloatingActionButtonSpeedDial/library-view/src/main/java/com/leinardi/android/speeddial/SpeedDialView.java
PASS_NULLABLE	passing @Nullable parameter 'null' where @NonNull is required	com.leinardi.android.speeddial.SpeedDialView	replaceActionItem(com.leinardi.android.speeddial.SpeedDialActionItem,com.leinardi.android.speeddial.SpeedDialActionItem)	18946	/home/nima/Developer/nullness-benchmarks/FloatingActionButtonSpeedDial/library-view/src/main/java/com/leinardi/android/speeddial/SpeedDialView.java	PARAMETER	com.leinardi.android.speeddial.SpeedDialView	removeActionItem(com.leinardi.android.speeddial.FabWithLabelView,java.util.Iterator,boolean)	it	1	/home/nima/Developer/nullness-benchmarks/FloatingActionButtonSpeedDial/library-view/src/main/java/com/leinardi/android/speeddial/SpeedDialView.java
PASS_NULLABLE	passing @Nullable parameter 'null' where @NonNull is required	com.leinardi.android.speeddial.SpeedDialView	replaceActionItem(com.leinardi.android.speeddial.SpeedDialActionItem,com.leinardi.android.speeddial.SpeedDialActionItem)	19051	/home/nima/Developer/nullness-benchmarks/FloatingActionButtonSpeedDial/library-view/src/main/java/com/leinardi/android/speeddial/SpeedDialView.java	PARAMETER	com.leinardi.android.speeddial.SpeedDialView	removeActionItem(com.leinardi.android.speeddial.FabWithLabelView,java.util.Iterator,boolean)	it	1	/home/nima/Developer/nullness-benchmarks/FloatingActionButtonSpeedDial/library-view/src/main/java/com/leinardi/android/speeddial/SpeedDialView.java
RETURN_NULLABLE	returning @Nullable expression from method with @NonNull return type	com.leinardi.android.speeddial.SpeedDialView	replaceActionItem(com.leinardi.android.speeddial.SpeedDialActionItem,com.leinardi.android.speeddial.SpeedDialActionItem)	19253	/home/nima/Developer/nullness-benchmarks/FloatingActionButtonSpeedDial/library-view/src/main/java/com/leinardi/android/speeddial/SpeedDialView.java	METHOD	com.leinardi.android.speeddial.SpeedDialView	replaceActionItem(com.leinardi.android.speeddial.SpeedDialActionItem,com.leinardi.android.speeddial.SpeedDialActionItem)	null	null	/home/nima/Developer/nullness-benchmarks/FloatingActionButtonSpeedDial/library-view/src/main/java/com/leinardi/android/speeddial/SpeedDialView.java
ASSIGN_FIELD_NULLABLE	assigning @Nullable expression to @NonNull field	com.leinardi.android.speeddial.SpeedDialView	setMainFabOpenedDrawable(android.graphics.drawable.Drawable)	22478	/home/nima/Developer/nullness-benchmarks/FloatingActionButtonSpeedDial/library-view/src/main/java/com/leinardi/android/speeddial/SpeedDialView.java	FIELD	com.leinardi.android.speeddial.SpeedDialView	null	mMainFabOpenedDrawable	null	/home/nima/Developer/nullness-benchmarks/FloatingActionButtonSpeedDial/library-view/src/main/java/com/leinardi/android/speeddial/SpeedDialView.java
RETURN_NULLABLE	returning @Nullable expression from method with @NonNull return type	com.leinardi.android.speeddial.SpeedDialView	removeActionItem(com.leinardi.android.speeddial.FabWithLabelView,java.util.Iterator,boolean)	27325	/home/nima/Developer/nullness-benchmarks/FloatingActionButtonSpeedDial/library-view/src/main/java/com/leinardi/android/speeddial/SpeedDialView.java	METHOD	com.leinardi.android.speeddial.SpeedDialView	removeActionItem(com.leinardi.android.speeddial.FabWithLabelView,java.util.Iterator,boolean)	null	null	/home/nima/Developer/nullness-benchmarks/FloatingActionButtonSpeedDial/library-view/src/main/java/com/leinardi/android/speeddial/SpeedDialView.java
PASS_NULLABLE	passing @Nullable parameter 'null' where @NonNull is required	com.leinardi.android.speeddial.SpeedDialView	removeActionItem(com.leinardi.android.speeddial.FabWithLabelView)	27450	/home/nima/Developer/nullness-benchmarks/FloatingActionButtonSpeedDial/library-view/src/main/java/com/leinardi/android/speeddial/SpeedDialView.java	PARAMETER	com.leinardi.android.speeddial.SpeedDialView	removeActionItem(com.leinardi.android.speeddial.FabWithLabelView,java.util.Iterator,boolean)	it	1	/home/nima/Developer/nullness-benchmarks/FloatingActionButtonSpeedDial/library-view/src/main/java/com/leinardi/android/speeddial/SpeedDialView.java
RETURN_NULLABLE	returning @Nullable expression from method with @NonNull return type	com.leinardi.android.speeddial.SpeedDialView	findFabWithLabelViewById(int)	37023	/home/nima/Developer/nullness-benchmarks/FloatingActionButtonSpeedDial/library-view/src/main/java/com/leinardi/android/speeddial/SpeedDialView.java	METHOD	com.leinardi.android.speeddial.SpeedDialView	findFabWithLabelViewById(int)	null	null	/home/nima/Developer/nullness-benchmarks/FloatingActionButtonSpeedDial/library-view/src/main/java/com/leinardi/android/speeddial/SpeedDialView.java
METHOD_NO_INIT	initializer method does not guarantee @NonNull fields mTmpRect (line 1115), mInternalAutoHideListener (line 1117) are initialized along all control-flow paths (remember to check for exceptions or early returns).	com.leinardi.android.speeddial.SpeedDialView$SnackbarBehavior	SnackbarBehavior()	44850	/home/nima/Developer/nullness-benchmarks/FloatingActionButtonSpeedDial/library-view/src/main/java/com/leinardi/android/speeddial/SpeedDialView.java	null	null	null	null	null	null
METHOD_NO_INIT	initializer method does not guarantee @NonNull fields mTmpRect (line 1115), mInternalAutoHideListener (line 1117) are initialized along all control-flow paths (remember to check for exceptions or early returns).	com.leinardi.android.speeddial.SpeedDialView$SnackbarBehavior	SnackbarBehavior(android.content.Context,android.util.AttributeSet)	44968	/home/nima/Developer/nullness-benchmarks/FloatingActionButtonSpeedDial/library-view/src/main/java/com/leinardi/android/speeddial/SpeedDialView.java	null	null	null	null	null	null
METHOD_NO_INIT	initializer method does not guarantee @NonNull fields mSpeedDialActionItem (line 61), mOnActionSelectedListener (line 63), mLabelCardViewBackground (line 68) are initialized along all control-flow paths (remember to check for exceptions or early returns).	com.leinardi.android.speeddial.FabWithLabelView	FabWithLabelView(android.content.Context)	2597	/home/nima/Developer/nullness-benchmarks/FloatingActionButtonSpeedDial/library-view/src/main/java/com/leinardi/android/speeddial/FabWithLabelView.java	null	null	null	null	null	null
METHOD_NO_INIT	initializer method does not guarantee @NonNull fields mSpeedDialActionItem (line 61), mOnActionSelectedListener (line 63), mLabelCardViewBackground (line 68) are initialized along all control-flow paths (remember to check for exceptions or early returns).	com.leinardi.android.speeddial.FabWithLabelView	FabWithLabelView(android.content.Context,android.util.AttributeSet)	2704	/home/nima/Developer/nullness-benchmarks/FloatingActionButtonSpeedDial/library-view/src/main/java/com/leinardi/android/speeddial/FabWithLabelView.java	null	null	null	null	null	null
METHOD_NO_INIT	initializer method does not guarantee @NonNull fields mSpeedDialActionItem (line 61), mOnActionSelectedListener (line 63), mLabelCardViewBackground (line 68) are initialized along all control-flow paths (remember to check for exceptions or early returns).	com.leinardi.android.speeddial.FabWithLabelView	FabWithLabelView(android.content.Context,android.util.AttributeSet,int)	2840	/home/nima/Developer/nullness-benchmarks/FloatingActionButtonSpeedDial/library-view/src/main/java/com/leinardi/android/speeddial/FabWithLabelView.java	null	null	null	null	null	null
PASS_NULLABLE	passing @Nullable parameter 'null' where @NonNull is required	com.leinardi.android.speeddial.FabWithLabelView	FabWithLabelView(android.content.Context)	2672	/home/nima/Developer/nullness-benchmarks/FloatingActionButtonSpeedDial/library-view/src/main/java/com/leinardi/android/speeddial/FabWithLabelView.java	PARAMETER	com.leinardi.android.speeddial.FabWithLabelView	init(android.content.Context,android.util.AttributeSet)	attrs	1	/home/nima/Developer/nullness-benchmarks/FloatingActionButtonSpeedDial/library-view/src/main/java/com/leinardi/android/speeddial/FabWithLabelView.java
ASSIGN_FIELD_NULLABLE	assigning @Nullable expression to @NonNull field	com.leinardi.android.speeddial.FabWithLabelView	setLabelBackgroundColor(int)	16336	/home/nima/Developer/nullness-benchmarks/FloatingActionButtonSpeedDial/library-view/src/main/java/com/leinardi/android/speeddial/FabWithLabelView.java	FIELD	com.leinardi.android.speeddial.FabWithLabelView	null	mLabelCardViewBackground	null	/home/nima/Developer/nullness-benchmarks/FloatingActionButtonSpeedDial/library-view/src/main/java/com/leinardi/android/speeddial/FabWithLabelView.java
METHOD_NO_INIT	initializer method does not guarantee @NonNull field mClickListener (line 38) is initialized along all control-flow paths (remember to check for exceptions or early returns).	com.leinardi.android.speeddial.SpeedDialOverlayLayout	SpeedDialOverlayLayout(android.content.Context)	1344	/home/nima/Developer/nullness-benchmarks/FloatingActionButtonSpeedDial/library-view/src/main/java/com/leinardi/android/speeddial/SpeedDialOverlayLayout.java	null	null	null	null	null	null
METHOD_NO_INIT	initializer method does not guarantee @NonNull field mClickListener (line 38) is initialized along all control-flow paths (remember to check for exceptions or early returns).	com.leinardi.android.speeddial.SpeedDialOverlayLayout	SpeedDialOverlayLayout(android.content.Context,android.util.AttributeSet)	1437	/home/nima/Developer/nullness-benchmarks/FloatingActionButtonSpeedDial/library-view/src/main/java/com/leinardi/android/speeddial/SpeedDialOverlayLayout.java	null	null	null	null	null	null
METHOD_NO_INIT	initializer method does not guarantee @NonNull field mClickListener (line 38) is initialized along all control-flow paths (remember to check for exceptions or early returns).	com.leinardi.android.speeddial.SpeedDialOverlayLayout	SpeedDialOverlayLayout(android.content.Context,android.util.AttributeSet,int)	1588	/home/nima/Developer/nullness-benchmarks/FloatingActionButtonSpeedDial/library-view/src/main/java/com/leinardi/android/speeddial/SpeedDialOverlayLayout.java	null	null	null	null	null	null
