id	class	method	parent	flags	annotations	visibility	non-primitive-return	path
1	com.leinardi.android.speeddial.UiUtils	UiUtils()	0	[]		private	false	/home/nima/Developer/nullness-benchmarks/FloatingActionButtonSpeedDial/library-view/src/main/java/com/leinardi/android/speeddial/UiUtils.java
2	com.leinardi.android.speeddial.UiUtils	getPrimaryColor(android.content.Context)	0	[false]		public	false	/home/nima/Developer/nullness-benchmarks/FloatingActionButtonSpeedDial/library-view/src/main/java/com/leinardi/android/speeddial/UiUtils.java
3	com.leinardi.android.speeddial.UiUtils	getOnSecondaryColor(android.content.Context)	0	[false]		public	false	/home/nima/Developer/nullness-benchmarks/FloatingActionButtonSpeedDial/library-view/src/main/java/com/leinardi/android/speeddial/UiUtils.java
4	com.leinardi.android.speeddial.UiUtils	getAccentColor(android.content.Context)	0	[false]		public	false	/home/nima/Developer/nullness-benchmarks/FloatingActionButtonSpeedDial/library-view/src/main/java/com/leinardi/android/speeddial/UiUtils.java
5	com.leinardi.android.speeddial.UiUtils	dpToPx(android.content.Context,float)	0	[false, false]		public	false	/home/nima/Developer/nullness-benchmarks/FloatingActionButtonSpeedDial/library-view/src/main/java/com/leinardi/android/speeddial/UiUtils.java
6	com.leinardi.android.speeddial.UiUtils	pxToDp(float)	0	[false]		public	false	/home/nima/Developer/nullness-benchmarks/FloatingActionButtonSpeedDial/library-view/src/main/java/com/leinardi/android/speeddial/UiUtils.java
7	com.leinardi.android.speeddial.UiUtils	fadeOutAnim(android.view.View)	0	[false]		public	false	/home/nima/Developer/nullness-benchmarks/FloatingActionButtonSpeedDial/library-view/src/main/java/com/leinardi/android/speeddial/UiUtils.java
8	com.leinardi.android.speeddial.UiUtils$1	run()	9	[]	java.lang.Override	public	false	/home/nima/Developer/nullness-benchmarks/FloatingActionButtonSpeedDial/library-view/src/main/java/com/leinardi/android/speeddial/UiUtils.java
10	com.leinardi.android.speeddial.UiUtils	fadeInAnim(android.view.View)	0	[false]		public	false	/home/nima/Developer/nullness-benchmarks/FloatingActionButtonSpeedDial/library-view/src/main/java/com/leinardi/android/speeddial/UiUtils.java
11	com.leinardi.android.speeddial.UiUtils	enlargeAnim(android.view.View,long)	0	[false, false]		public	false	/home/nima/Developer/nullness-benchmarks/FloatingActionButtonSpeedDial/library-view/src/main/java/com/leinardi/android/speeddial/UiUtils.java
12	com.leinardi.android.speeddial.UiUtils	shrinkAnim(android.view.View,long)	0	[false, false]		public	false	/home/nima/Developer/nullness-benchmarks/FloatingActionButtonSpeedDial/library-view/src/main/java/com/leinardi/android/speeddial/UiUtils.java
13	com.leinardi.android.speeddial.UiUtils$2	onAnimationEnd(android.view.animation.Animation)	14	[false]	java.lang.Override	public	false	/home/nima/Developer/nullness-benchmarks/FloatingActionButtonSpeedDial/library-view/src/main/java/com/leinardi/android/speeddial/UiUtils.java
15	com.leinardi.android.speeddial.UiUtils$2	onAnimationStart(android.view.animation.Animation)	16	[false]	java.lang.Override	public	false	/home/nima/Developer/nullness-benchmarks/FloatingActionButtonSpeedDial/library-view/src/main/java/com/leinardi/android/speeddial/UiUtils.java
17	com.leinardi.android.speeddial.UiUtils$2	onAnimationRepeat(android.view.animation.Animation)	18	[false]	java.lang.Override	public	false	/home/nima/Developer/nullness-benchmarks/FloatingActionButtonSpeedDial/library-view/src/main/java/com/leinardi/android/speeddial/UiUtils.java
19	com.leinardi.android.speeddial.UiUtils	shrinkAnim(android.view.View,boolean)	0	[false, false]		public	false	/home/nima/Developer/nullness-benchmarks/FloatingActionButtonSpeedDial/library-view/src/main/java/com/leinardi/android/speeddial/UiUtils.java
20	com.leinardi.android.speeddial.UiUtils$3	run()	9	[]	java.lang.Override	public	false	/home/nima/Developer/nullness-benchmarks/FloatingActionButtonSpeedDial/library-view/src/main/java/com/leinardi/android/speeddial/UiUtils.java
21	com.leinardi.android.speeddial.UiUtils	rotateForward(android.view.View,float,boolean)	0	[false, false, false]		public	false	/home/nima/Developer/nullness-benchmarks/FloatingActionButtonSpeedDial/library-view/src/main/java/com/leinardi/android/speeddial/UiUtils.java
22	com.leinardi.android.speeddial.UiUtils	rotateBackward(android.view.View,boolean)	0	[false, false]		public	false	/home/nima/Developer/nullness-benchmarks/FloatingActionButtonSpeedDial/library-view/src/main/java/com/leinardi/android/speeddial/UiUtils.java
23	com.leinardi.android.speeddial.UiUtils	getRotateDrawable(android.graphics.drawable.Drawable,float)	0	[false, false]		public	true	/home/nima/Developer/nullness-benchmarks/FloatingActionButtonSpeedDial/library-view/src/main/java/com/leinardi/android/speeddial/UiUtils.java
24	com.leinardi.android.speeddial.UiUtils$4	draw(android.graphics.Canvas)	25	[false]	java.lang.Override	public	false	/home/nima/Developer/nullness-benchmarks/FloatingActionButtonSpeedDial/library-view/src/main/java/com/leinardi/android/speeddial/UiUtils.java
26	com.leinardi.android.speeddial.UiUtils	getBitmapFromDrawable(android.graphics.drawable.Drawable)	0	[false]		public	true	/home/nima/Developer/nullness-benchmarks/FloatingActionButtonSpeedDial/library-view/src/main/java/com/leinardi/android/speeddial/UiUtils.java
27	com.leinardi.android.speeddial.UiUtils	getDrawableFromBitmap(android.graphics.Bitmap)	0	[false]		public	true	/home/nima/Developer/nullness-benchmarks/FloatingActionButtonSpeedDial/library-view/src/main/java/com/leinardi/android/speeddial/UiUtils.java
28	com.leinardi.android.speeddial.UiUtils	performTap(android.view.View)	0	[false]		public	false	/home/nima/Developer/nullness-benchmarks/FloatingActionButtonSpeedDial/library-view/src/main/java/com/leinardi/android/speeddial/UiUtils.java
29	com.leinardi.android.speeddial.UiUtils$5	run()	9	[]	java.lang.Override	public	false	/home/nima/Developer/nullness-benchmarks/FloatingActionButtonSpeedDial/library-view/src/main/java/com/leinardi/android/speeddial/UiUtils.java
30	com.leinardi.android.speeddial.UiUtils	cropFabImageInCircle(android.graphics.drawable.Drawable)	0	[false]		public	true	/home/nima/Developer/nullness-benchmarks/FloatingActionButtonSpeedDial/library-view/src/main/java/com/leinardi/android/speeddial/UiUtils.java
31	com.leinardi.android.speeddial.SpeedDialActionItem	SpeedDialActionItem(com.leinardi.android.speeddial.SpeedDialActionItem.Builder)	0	[false]		private	false	/home/nima/Developer/nullness-benchmarks/FloatingActionButtonSpeedDial/library-view/src/main/java/com/leinardi/android/speeddial/SpeedDialActionItem.java
32	com.leinardi.android.speeddial.SpeedDialActionItem	getId()	0	[]		public	false	/home/nima/Developer/nullness-benchmarks/FloatingActionButtonSpeedDial/library-view/src/main/java/com/leinardi/android/speeddial/SpeedDialActionItem.java
33	com.leinardi.android.speeddial.SpeedDialActionItem	getLabel(android.content.Context)	0	[false]		public	true	/home/nima/Developer/nullness-benchmarks/FloatingActionButtonSpeedDial/library-view/src/main/java/com/leinardi/android/speeddial/SpeedDialActionItem.java
34	com.leinardi.android.speeddial.SpeedDialActionItem	getContentDescription(android.content.Context)	0	[false]		public	true	/home/nima/Developer/nullness-benchmarks/FloatingActionButtonSpeedDial/library-view/src/main/java/com/leinardi/android/speeddial/SpeedDialActionItem.java
35	com.leinardi.android.speeddial.SpeedDialActionItem	getFabImageDrawable(android.content.Context)	0	[false]		public	true	/home/nima/Developer/nullness-benchmarks/FloatingActionButtonSpeedDial/library-view/src/main/java/com/leinardi/android/speeddial/SpeedDialActionItem.java
36	com.leinardi.android.speeddial.SpeedDialActionItem	getFabImageTintColor()	0	[]	androidx.annotation.ColorInt	public	false	/home/nima/Developer/nullness-benchmarks/FloatingActionButtonSpeedDial/library-view/src/main/java/com/leinardi/android/speeddial/SpeedDialActionItem.java
37	com.leinardi.android.speeddial.SpeedDialActionItem	getFabImageTint()	0	[]		public	false	/home/nima/Developer/nullness-benchmarks/FloatingActionButtonSpeedDial/library-view/src/main/java/com/leinardi/android/speeddial/SpeedDialActionItem.java
38	com.leinardi.android.speeddial.SpeedDialActionItem	getFabType()	0	[]	com.leinardi.android.speeddial.SpeedDialActionItem.FabType	public	true	/home/nima/Developer/nullness-benchmarks/FloatingActionButtonSpeedDial/library-view/src/main/java/com/leinardi/android/speeddial/SpeedDialActionItem.java
39	com.leinardi.android.speeddial.SpeedDialActionItem	getFabBackgroundColor()	0	[]	androidx.annotation.ColorInt	public	false	/home/nima/Developer/nullness-benchmarks/FloatingActionButtonSpeedDial/library-view/src/main/java/com/leinardi/android/speeddial/SpeedDialActionItem.java
40	com.leinardi.android.speeddial.SpeedDialActionItem	getLabelColor()	0	[]	androidx.annotation.ColorInt	public	false	/home/nima/Developer/nullness-benchmarks/FloatingActionButtonSpeedDial/library-view/src/main/java/com/leinardi/android/speeddial/SpeedDialActionItem.java
41	com.leinardi.android.speeddial.SpeedDialActionItem	getLabelBackgroundColor()	0	[]		public	false	/home/nima/Developer/nullness-benchmarks/FloatingActionButtonSpeedDial/library-view/src/main/java/com/leinardi/android/speeddial/SpeedDialActionItem.java
42	com.leinardi.android.speeddial.SpeedDialActionItem	isLabelClickable()	0	[]		public	false	/home/nima/Developer/nullness-benchmarks/FloatingActionButtonSpeedDial/library-view/src/main/java/com/leinardi/android/speeddial/SpeedDialActionItem.java
43	com.leinardi.android.speeddial.SpeedDialActionItem	getTheme()	0	[]	androidx.annotation.StyleRes	public	false	/home/nima/Developer/nullness-benchmarks/FloatingActionButtonSpeedDial/library-view/src/main/java/com/leinardi/android/speeddial/SpeedDialActionItem.java
44	com.leinardi.android.speeddial.SpeedDialActionItem	createFabWithLabelView(android.content.Context)	0	[false]		public	true	/home/nima/Developer/nullness-benchmarks/FloatingActionButtonSpeedDial/library-view/src/main/java/com/leinardi/android/speeddial/SpeedDialActionItem.java
45	com.leinardi.android.speeddial.SpeedDialActionItem	getFabSize()	0	[]	com.google.android.material.floatingactionbutton.FloatingActionButton.Size	public	false	/home/nima/Developer/nullness-benchmarks/FloatingActionButtonSpeedDial/library-view/src/main/java/com/leinardi/android/speeddial/SpeedDialActionItem.java
46	com.leinardi.android.speeddial.SpeedDialActionItem$Builder	Builder(int,int)	0	[false, false]		public	false	/home/nima/Developer/nullness-benchmarks/FloatingActionButtonSpeedDial/library-view/src/main/java/com/leinardi/android/speeddial/SpeedDialActionItem.java
47	com.leinardi.android.speeddial.SpeedDialActionItem$Builder	Builder(int,android.graphics.drawable.Drawable)	0	[false, false]		public	false	/home/nima/Developer/nullness-benchmarks/FloatingActionButtonSpeedDial/library-view/src/main/java/com/leinardi/android/speeddial/SpeedDialActionItem.java
48	com.leinardi.android.speeddial.SpeedDialActionItem$Builder	Builder(com.leinardi.android.speeddial.SpeedDialActionItem)	0	[false]		public	false	/home/nima/Developer/nullness-benchmarks/FloatingActionButtonSpeedDial/library-view/src/main/java/com/leinardi/android/speeddial/SpeedDialActionItem.java
49	com.leinardi.android.speeddial.SpeedDialActionItem$Builder	setLabel(java.lang.String)	0	[false]		public	true	/home/nima/Developer/nullness-benchmarks/FloatingActionButtonSpeedDial/library-view/src/main/java/com/leinardi/android/speeddial/SpeedDialActionItem.java
50	com.leinardi.android.speeddial.SpeedDialActionItem$Builder	setLabel(int)	0	[false]		public	true	/home/nima/Developer/nullness-benchmarks/FloatingActionButtonSpeedDial/library-view/src/main/java/com/leinardi/android/speeddial/SpeedDialActionItem.java
51	com.leinardi.android.speeddial.SpeedDialActionItem$Builder	setContentDescription(java.lang.String)	0	[false]		public	true	/home/nima/Developer/nullness-benchmarks/FloatingActionButtonSpeedDial/library-view/src/main/java/com/leinardi/android/speeddial/SpeedDialActionItem.java
52	com.leinardi.android.speeddial.SpeedDialActionItem$Builder	setContentDescription(int)	0	[false]		public	true	/home/nima/Developer/nullness-benchmarks/FloatingActionButtonSpeedDial/library-view/src/main/java/com/leinardi/android/speeddial/SpeedDialActionItem.java
53	com.leinardi.android.speeddial.SpeedDialActionItem$Builder	setFabImageTintColor(java.lang.Integer)	0	[false]		public	true	/home/nima/Developer/nullness-benchmarks/FloatingActionButtonSpeedDial/library-view/src/main/java/com/leinardi/android/speeddial/SpeedDialActionItem.java
54	com.leinardi.android.speeddial.SpeedDialActionItem$Builder	setFabType(java.lang.String)	0	[false]		public	true	/home/nima/Developer/nullness-benchmarks/FloatingActionButtonSpeedDial/library-view/src/main/java/com/leinardi/android/speeddial/SpeedDialActionItem.java
55	com.leinardi.android.speeddial.SpeedDialActionItem$Builder	setFabBackgroundColor(int)	0	[false]		public	true	/home/nima/Developer/nullness-benchmarks/FloatingActionButtonSpeedDial/library-view/src/main/java/com/leinardi/android/speeddial/SpeedDialActionItem.java
56	com.leinardi.android.speeddial.SpeedDialActionItem$Builder	setLabelColor(int)	0	[false]		public	true	/home/nima/Developer/nullness-benchmarks/FloatingActionButtonSpeedDial/library-view/src/main/java/com/leinardi/android/speeddial/SpeedDialActionItem.java
57	com.leinardi.android.speeddial.SpeedDialActionItem$Builder	setLabelBackgroundColor(int)	0	[false]		public	true	/home/nima/Developer/nullness-benchmarks/FloatingActionButtonSpeedDial/library-view/src/main/java/com/leinardi/android/speeddial/SpeedDialActionItem.java
58	com.leinardi.android.speeddial.SpeedDialActionItem$Builder	setLabelClickable(boolean)	0	[false]		public	true	/home/nima/Developer/nullness-benchmarks/FloatingActionButtonSpeedDial/library-view/src/main/java/com/leinardi/android/speeddial/SpeedDialActionItem.java
59	com.leinardi.android.speeddial.SpeedDialActionItem$Builder	setTheme(int)	0	[false]		public	true	/home/nima/Developer/nullness-benchmarks/FloatingActionButtonSpeedDial/library-view/src/main/java/com/leinardi/android/speeddial/SpeedDialActionItem.java
60	com.leinardi.android.speeddial.SpeedDialActionItem$Builder	create()	0	[]		public	true	/home/nima/Developer/nullness-benchmarks/FloatingActionButtonSpeedDial/library-view/src/main/java/com/leinardi/android/speeddial/SpeedDialActionItem.java
61	com.leinardi.android.speeddial.SpeedDialActionItem$Builder	setFabSize(int)	0	[false]		public	true	/home/nima/Developer/nullness-benchmarks/FloatingActionButtonSpeedDial/library-view/src/main/java/com/leinardi/android/speeddial/SpeedDialActionItem.java
62	com.leinardi.android.speeddial.SpeedDialActionItem	describeContents()	63	[]	java.lang.Override	public	false	/home/nima/Developer/nullness-benchmarks/FloatingActionButtonSpeedDial/library-view/src/main/java/com/leinardi/android/speeddial/SpeedDialActionItem.java
64	com.leinardi.android.speeddial.SpeedDialActionItem	writeToParcel(android.os.Parcel,int)	65	[false, false]	java.lang.Override	public	false	/home/nima/Developer/nullness-benchmarks/FloatingActionButtonSpeedDial/library-view/src/main/java/com/leinardi/android/speeddial/SpeedDialActionItem.java
66	com.leinardi.android.speeddial.SpeedDialActionItem	SpeedDialActionItem(android.os.Parcel)	0	[false]		protected	false	/home/nima/Developer/nullness-benchmarks/FloatingActionButtonSpeedDial/library-view/src/main/java/com/leinardi/android/speeddial/SpeedDialActionItem.java
67	com.leinardi.android.speeddial.SpeedDialActionItem$1	createFromParcel(android.os.Parcel)	68	[false]	java.lang.Override	public	true	/home/nima/Developer/nullness-benchmarks/FloatingActionButtonSpeedDial/library-view/src/main/java/com/leinardi/android/speeddial/SpeedDialActionItem.java
69	com.leinardi.android.speeddial.SpeedDialActionItem$1	newArray(int)	70	[false]	java.lang.Override	public	true	/home/nima/Developer/nullness-benchmarks/FloatingActionButtonSpeedDial/library-view/src/main/java/com/leinardi/android/speeddial/SpeedDialActionItem.java
71	com.leinardi.android.speeddial.SpeedDialView$1	onActionSelected(com.leinardi.android.speeddial.SpeedDialActionItem)	72	[false]	java.lang.Override	public	false	/home/nima/Developer/nullness-benchmarks/FloatingActionButtonSpeedDial/library-view/src/main/java/com/leinardi/android/speeddial/SpeedDialView.java
73	com.leinardi.android.speeddial.SpeedDialView	SpeedDialView(android.content.Context)	0	[false]		public	false	/home/nima/Developer/nullness-benchmarks/FloatingActionButtonSpeedDial/library-view/src/main/java/com/leinardi/android/speeddial/SpeedDialView.java
74	com.leinardi.android.speeddial.SpeedDialView	SpeedDialView(android.content.Context,android.util.AttributeSet)	0	[false, false]		public	false	/home/nima/Developer/nullness-benchmarks/FloatingActionButtonSpeedDial/library-view/src/main/java/com/leinardi/android/speeddial/SpeedDialView.java
75	com.leinardi.android.speeddial.SpeedDialView	SpeedDialView(android.content.Context,android.util.AttributeSet,int)	0	[false, false, false]		public	false	/home/nima/Developer/nullness-benchmarks/FloatingActionButtonSpeedDial/library-view/src/main/java/com/leinardi/android/speeddial/SpeedDialView.java
76	com.leinardi.android.speeddial.SpeedDialView	getUseReverseAnimationOnClose()	0	[]		public	false	/home/nima/Developer/nullness-benchmarks/FloatingActionButtonSpeedDial/library-view/src/main/java/com/leinardi/android/speeddial/SpeedDialView.java
77	com.leinardi.android.speeddial.SpeedDialView	setUseReverseAnimationOnClose(boolean)	0	[false]		public	false	/home/nima/Developer/nullness-benchmarks/FloatingActionButtonSpeedDial/library-view/src/main/java/com/leinardi/android/speeddial/SpeedDialView.java
78	com.leinardi.android.speeddial.SpeedDialView	getExpansionMode()	0	[]	com.leinardi.android.speeddial.SpeedDialView.ExpansionMode	public	false	/home/nima/Developer/nullness-benchmarks/FloatingActionButtonSpeedDial/library-view/src/main/java/com/leinardi/android/speeddial/SpeedDialView.java
79	com.leinardi.android.speeddial.SpeedDialView	setExpansionMode(int)	0	[false]		public	false	/home/nima/Developer/nullness-benchmarks/FloatingActionButtonSpeedDial/library-view/src/main/java/com/leinardi/android/speeddial/SpeedDialView.java
80	com.leinardi.android.speeddial.SpeedDialView	setExpansionMode(int,boolean)	0	[false, false]		private	false	/home/nima/Developer/nullness-benchmarks/FloatingActionButtonSpeedDial/library-view/src/main/java/com/leinardi/android/speeddial/SpeedDialView.java
81	com.leinardi.android.speeddial.SpeedDialView	setOrientation(int)	82	[false]	java.lang.Override	public	false	/home/nima/Developer/nullness-benchmarks/FloatingActionButtonSpeedDial/library-view/src/main/java/com/leinardi/android/speeddial/SpeedDialView.java
83	com.leinardi.android.speeddial.SpeedDialView	show()	0	[]		public	false	/home/nima/Developer/nullness-benchmarks/FloatingActionButtonSpeedDial/library-view/src/main/java/com/leinardi/android/speeddial/SpeedDialView.java
84	com.leinardi.android.speeddial.SpeedDialView	show(com.google.android.material.floatingactionbutton.FloatingActionButton.OnVisibilityChangedListener)	0	[false]		public	false	/home/nima/Developer/nullness-benchmarks/FloatingActionButtonSpeedDial/library-view/src/main/java/com/leinardi/android/speeddial/SpeedDialView.java
85	com.leinardi.android.speeddial.SpeedDialView	showFabWithWorkaround(com.google.android.material.floatingactionbutton.FloatingActionButton,com.google.android.material.floatingactionbutton.FloatingActionButton.OnVisibilityChangedListener)	0	[false, false]		private	false	/home/nima/Developer/nullness-benchmarks/FloatingActionButtonSpeedDial/library-view/src/main/java/com/leinardi/android/speeddial/SpeedDialView.java
86	com.leinardi.android.speeddial.SpeedDialView$2	onShown(com.google.android.material.floatingactionbutton.FloatingActionButton)	87	[false]	java.lang.SuppressWarnings,java.lang.Override	public	false	/home/nima/Developer/nullness-benchmarks/FloatingActionButtonSpeedDial/library-view/src/main/java/com/leinardi/android/speeddial/SpeedDialView.java
88	com.leinardi.android.speeddial.SpeedDialView$2	onHidden(com.google.android.material.floatingactionbutton.FloatingActionButton)	89	[false]	java.lang.Override	public	false	/home/nima/Developer/nullness-benchmarks/FloatingActionButtonSpeedDial/library-view/src/main/java/com/leinardi/android/speeddial/SpeedDialView.java
90	com.leinardi.android.speeddial.SpeedDialView	hide()	0	[]		public	false	/home/nima/Developer/nullness-benchmarks/FloatingActionButtonSpeedDial/library-view/src/main/java/com/leinardi/android/speeddial/SpeedDialView.java
91	com.leinardi.android.speeddial.SpeedDialView	setContentDescription(java.lang.CharSequence)	92	[false]	java.lang.Override	public	false	/home/nima/Developer/nullness-benchmarks/FloatingActionButtonSpeedDial/library-view/src/main/java/com/leinardi/android/speeddial/SpeedDialView.java
93	com.leinardi.android.speeddial.SpeedDialView	hide(com.google.android.material.floatingactionbutton.FloatingActionButton.OnVisibilityChangedListener)	0	[false]		public	false	/home/nima/Developer/nullness-benchmarks/FloatingActionButtonSpeedDial/library-view/src/main/java/com/leinardi/android/speeddial/SpeedDialView.java
94	com.leinardi.android.speeddial.SpeedDialView$3	onShown(com.google.android.material.floatingactionbutton.FloatingActionButton)	87	[false]	java.lang.Override	public	false	/home/nima/Developer/nullness-benchmarks/FloatingActionButtonSpeedDial/library-view/src/main/java/com/leinardi/android/speeddial/SpeedDialView.java
95	com.leinardi.android.speeddial.SpeedDialView$3	onHidden(com.google.android.material.floatingactionbutton.FloatingActionButton)	89	[false]	java.lang.Override	public	false	/home/nima/Developer/nullness-benchmarks/FloatingActionButtonSpeedDial/library-view/src/main/java/com/leinardi/android/speeddial/SpeedDialView.java
96	com.leinardi.android.speeddial.SpeedDialView	getOverlayLayout()	0	[]		public	true	/home/nima/Developer/nullness-benchmarks/FloatingActionButtonSpeedDial/library-view/src/main/java/com/leinardi/android/speeddial/SpeedDialView.java
97	com.leinardi.android.speeddial.SpeedDialView	setOverlayLayout(com.leinardi.android.speeddial.SpeedDialOverlayLayout)	0	[false]		public	false	/home/nima/Developer/nullness-benchmarks/FloatingActionButtonSpeedDial/library-view/src/main/java/com/leinardi/android/speeddial/SpeedDialView.java
98	com.leinardi.android.speeddial.SpeedDialView$4	onClick(android.view.View)	99	[false]	java.lang.Override	public	false	/home/nima/Developer/nullness-benchmarks/FloatingActionButtonSpeedDial/library-view/src/main/java/com/leinardi/android/speeddial/SpeedDialView.java
100	com.leinardi.android.speeddial.SpeedDialView	inflate(int)	0	[false]		public	false	/home/nima/Developer/nullness-benchmarks/FloatingActionButtonSpeedDial/library-view/src/main/java/com/leinardi/android/speeddial/SpeedDialView.java
101	com.leinardi.android.speeddial.SpeedDialView	addAllActionItems(java.util.Collection)	0	[false]		public	true	/home/nima/Developer/nullness-benchmarks/FloatingActionButtonSpeedDial/library-view/src/main/java/com/leinardi/android/speeddial/SpeedDialView.java
102	com.leinardi.android.speeddial.SpeedDialView	addActionItem(com.leinardi.android.speeddial.SpeedDialActionItem)	0	[false]		public	true	/home/nima/Developer/nullness-benchmarks/FloatingActionButtonSpeedDial/library-view/src/main/java/com/leinardi/android/speeddial/SpeedDialView.java
103	com.leinardi.android.speeddial.SpeedDialView	addActionItem(com.leinardi.android.speeddial.SpeedDialActionItem,int)	0	[false, false]		public	true	/home/nima/Developer/nullness-benchmarks/FloatingActionButtonSpeedDial/library-view/src/main/java/com/leinardi/android/speeddial/SpeedDialView.java
104	com.leinardi.android.speeddial.SpeedDialView	addActionItem(com.leinardi.android.speeddial.SpeedDialActionItem,int,boolean)	0	[false, false, false]		public	true	/home/nima/Developer/nullness-benchmarks/FloatingActionButtonSpeedDial/library-view/src/main/java/com/leinardi/android/speeddial/SpeedDialView.java
105	com.leinardi.android.speeddial.SpeedDialView	removeActionItem(int)	0	[false]		public	true	/home/nima/Developer/nullness-benchmarks/FloatingActionButtonSpeedDial/library-view/src/main/java/com/leinardi/android/speeddial/SpeedDialView.java
106	com.leinardi.android.speeddial.SpeedDialView	removeActionItem(com.leinardi.android.speeddial.SpeedDialActionItem)	0	[false]		public	false	/home/nima/Developer/nullness-benchmarks/FloatingActionButtonSpeedDial/library-view/src/main/java/com/leinardi/android/speeddial/SpeedDialView.java
107	com.leinardi.android.speeddial.SpeedDialView	removeActionItemById(int)	0	[false]		public	true	/home/nima/Developer/nullness-benchmarks/FloatingActionButtonSpeedDial/library-view/src/main/java/com/leinardi/android/speeddial/SpeedDialView.java
108	com.leinardi.android.speeddial.SpeedDialView	replaceActionItem(com.leinardi.android.speeddial.SpeedDialActionItem,int)	0	[false, false]		public	true	/home/nima/Developer/nullness-benchmarks/FloatingActionButtonSpeedDial/library-view/src/main/java/com/leinardi/android/speeddial/SpeedDialView.java
109	com.leinardi.android.speeddial.SpeedDialView	replaceActionItem(com.leinardi.android.speeddial.SpeedDialActionItem,com.leinardi.android.speeddial.SpeedDialActionItem)	0	[false, false]		public	true	/home/nima/Developer/nullness-benchmarks/FloatingActionButtonSpeedDial/library-view/src/main/java/com/leinardi/android/speeddial/SpeedDialView.java
110	com.leinardi.android.speeddial.SpeedDialView	clearActionItems()	0	[]		public	false	/home/nima/Developer/nullness-benchmarks/FloatingActionButtonSpeedDial/library-view/src/main/java/com/leinardi/android/speeddial/SpeedDialView.java
111	com.leinardi.android.speeddial.SpeedDialView	getActionItems()	0	[]	androidx.annotation.NonNull	public	true	/home/nima/Developer/nullness-benchmarks/FloatingActionButtonSpeedDial/library-view/src/main/java/com/leinardi/android/speeddial/SpeedDialView.java
112	com.leinardi.android.speeddial.SpeedDialView	getBehavior()	113	[]	androidx.annotation.NonNull,java.lang.Override	public	true	/home/nima/Developer/nullness-benchmarks/FloatingActionButtonSpeedDial/library-view/src/main/java/com/leinardi/android/speeddial/SpeedDialView.java
114	com.leinardi.android.speeddial.SpeedDialView	setOnActionSelectedListener(com.leinardi.android.speeddial.SpeedDialView.OnActionSelectedListener)	0	[false]		public	false	/home/nima/Developer/nullness-benchmarks/FloatingActionButtonSpeedDial/library-view/src/main/java/com/leinardi/android/speeddial/SpeedDialView.java
115	com.leinardi.android.speeddial.SpeedDialView	setOnChangeListener(com.leinardi.android.speeddial.SpeedDialView.OnChangeListener)	0	[false]		public	false	/home/nima/Developer/nullness-benchmarks/FloatingActionButtonSpeedDial/library-view/src/main/java/com/leinardi/android/speeddial/SpeedDialView.java
116	com.leinardi.android.speeddial.SpeedDialView	open()	0	[]		public	false	/home/nima/Developer/nullness-benchmarks/FloatingActionButtonSpeedDial/library-view/src/main/java/com/leinardi/android/speeddial/SpeedDialView.java
117	com.leinardi.android.speeddial.SpeedDialView	open(boolean)	0	[false]		public	false	/home/nima/Developer/nullness-benchmarks/FloatingActionButtonSpeedDial/library-view/src/main/java/com/leinardi/android/speeddial/SpeedDialView.java
118	com.leinardi.android.speeddial.SpeedDialView	close()	0	[]		public	false	/home/nima/Developer/nullness-benchmarks/FloatingActionButtonSpeedDial/library-view/src/main/java/com/leinardi/android/speeddial/SpeedDialView.java
119	com.leinardi.android.speeddial.SpeedDialView	close(boolean)	0	[false]		public	false	/home/nima/Developer/nullness-benchmarks/FloatingActionButtonSpeedDial/library-view/src/main/java/com/leinardi/android/speeddial/SpeedDialView.java
120	com.leinardi.android.speeddial.SpeedDialView	toggle()	0	[]		public	false	/home/nima/Developer/nullness-benchmarks/FloatingActionButtonSpeedDial/library-view/src/main/java/com/leinardi/android/speeddial/SpeedDialView.java
121	com.leinardi.android.speeddial.SpeedDialView	toggle(boolean)	0	[false]		public	false	/home/nima/Developer/nullness-benchmarks/FloatingActionButtonSpeedDial/library-view/src/main/java/com/leinardi/android/speeddial/SpeedDialView.java
122	com.leinardi.android.speeddial.SpeedDialView	isOpen()	0	[]		public	false	/home/nima/Developer/nullness-benchmarks/FloatingActionButtonSpeedDial/library-view/src/main/java/com/leinardi/android/speeddial/SpeedDialView.java
123	com.leinardi.android.speeddial.SpeedDialView	getMainFab()	0	[]		public	true	/home/nima/Developer/nullness-benchmarks/FloatingActionButtonSpeedDial/library-view/src/main/java/com/leinardi/android/speeddial/SpeedDialView.java
124	com.leinardi.android.speeddial.SpeedDialView	getMainFabAnimationRotateAngle()	0	[]		public	false	/home/nima/Developer/nullness-benchmarks/FloatingActionButtonSpeedDial/library-view/src/main/java/com/leinardi/android/speeddial/SpeedDialView.java
125	com.leinardi.android.speeddial.SpeedDialView	setMainFabAnimationRotateAngle(float)	0	[false]		public	false	/home/nima/Developer/nullness-benchmarks/FloatingActionButtonSpeedDial/library-view/src/main/java/com/leinardi/android/speeddial/SpeedDialView.java
126	com.leinardi.android.speeddial.SpeedDialView	setMainFabClosedDrawable(android.graphics.drawable.Drawable)	0	[false]		public	false	/home/nima/Developer/nullness-benchmarks/FloatingActionButtonSpeedDial/library-view/src/main/java/com/leinardi/android/speeddial/SpeedDialView.java
127	com.leinardi.android.speeddial.SpeedDialView	setMainFabOpenedDrawable(android.graphics.drawable.Drawable)	0	[false]		public	false	/home/nima/Developer/nullness-benchmarks/FloatingActionButtonSpeedDial/library-view/src/main/java/com/leinardi/android/speeddial/SpeedDialView.java
128	com.leinardi.android.speeddial.SpeedDialView	getMainFabClosedBackgroundColor()	0	[]	androidx.annotation.ColorInt	public	false	/home/nima/Developer/nullness-benchmarks/FloatingActionButtonSpeedDial/library-view/src/main/java/com/leinardi/android/speeddial/SpeedDialView.java
129	com.leinardi.android.speeddial.SpeedDialView	setMainFabClosedBackgroundColor(int)	0	[false]		public	false	/home/nima/Developer/nullness-benchmarks/FloatingActionButtonSpeedDial/library-view/src/main/java/com/leinardi/android/speeddial/SpeedDialView.java
130	com.leinardi.android.speeddial.SpeedDialView	getMainFabOpenedBackgroundColor()	0	[]	androidx.annotation.ColorInt	public	false	/home/nima/Developer/nullness-benchmarks/FloatingActionButtonSpeedDial/library-view/src/main/java/com/leinardi/android/speeddial/SpeedDialView.java
131	com.leinardi.android.speeddial.SpeedDialView	setMainFabOpenedBackgroundColor(int)	0	[false]		public	false	/home/nima/Developer/nullness-benchmarks/FloatingActionButtonSpeedDial/library-view/src/main/java/com/leinardi/android/speeddial/SpeedDialView.java
132	com.leinardi.android.speeddial.SpeedDialView	getMainFabClosedIconColor()	0	[]	androidx.annotation.ColorInt	public	false	/home/nima/Developer/nullness-benchmarks/FloatingActionButtonSpeedDial/library-view/src/main/java/com/leinardi/android/speeddial/SpeedDialView.java
133	com.leinardi.android.speeddial.SpeedDialView	setMainFabClosedIconColor(int)	0	[false]		public	false	/home/nima/Developer/nullness-benchmarks/FloatingActionButtonSpeedDial/library-view/src/main/java/com/leinardi/android/speeddial/SpeedDialView.java
134	com.leinardi.android.speeddial.SpeedDialView	getMainFabOpenedIconColor()	0	[]	androidx.annotation.ColorInt	public	false	/home/nima/Developer/nullness-benchmarks/FloatingActionButtonSpeedDial/library-view/src/main/java/com/leinardi/android/speeddial/SpeedDialView.java
135	com.leinardi.android.speeddial.SpeedDialView	setMainFabOpenedIconColor(int)	0	[false]		public	false	/home/nima/Developer/nullness-benchmarks/FloatingActionButtonSpeedDial/library-view/src/main/java/com/leinardi/android/speeddial/SpeedDialView.java
136	com.leinardi.android.speeddial.SpeedDialView	onAttachedToWindow()	137	[]	java.lang.Override	protected	false	/home/nima/Developer/nullness-benchmarks/FloatingActionButtonSpeedDial/library-view/src/main/java/com/leinardi/android/speeddial/SpeedDialView.java
138	com.leinardi.android.speeddial.SpeedDialView	onSaveInstanceState()	139	[]	java.lang.Override	protected	true	/home/nima/Developer/nullness-benchmarks/FloatingActionButtonSpeedDial/library-view/src/main/java/com/leinardi/android/speeddial/SpeedDialView.java
140	com.leinardi.android.speeddial.SpeedDialView	onRestoreInstanceState(android.os.Parcelable)	141	[false]	java.lang.Override	protected	false	/home/nima/Developer/nullness-benchmarks/FloatingActionButtonSpeedDial/library-view/src/main/java/com/leinardi/android/speeddial/SpeedDialView.java
142	com.leinardi.android.speeddial.SpeedDialView	setEnabled(boolean)	143	[false]	java.lang.Override	public	false	/home/nima/Developer/nullness-benchmarks/FloatingActionButtonSpeedDial/library-view/src/main/java/com/leinardi/android/speeddial/SpeedDialView.java
144	com.leinardi.android.speeddial.SpeedDialView	getLayoutPosition(int)	0	[false]		private	false	/home/nima/Developer/nullness-benchmarks/FloatingActionButtonSpeedDial/library-view/src/main/java/com/leinardi/android/speeddial/SpeedDialView.java
145	com.leinardi.android.speeddial.SpeedDialView	removeActionItem(com.leinardi.android.speeddial.FabWithLabelView,java.util.Iterator,boolean)	0	[false, false, false]		private	true	/home/nima/Developer/nullness-benchmarks/FloatingActionButtonSpeedDial/library-view/src/main/java/com/leinardi/android/speeddial/SpeedDialView.java
146	com.leinardi.android.speeddial.SpeedDialView	removeActionItem(com.leinardi.android.speeddial.FabWithLabelView)	0	[false]		private	true	/home/nima/Developer/nullness-benchmarks/FloatingActionButtonSpeedDial/library-view/src/main/java/com/leinardi/android/speeddial/SpeedDialView.java
147	com.leinardi.android.speeddial.SpeedDialView	init(android.content.Context,android.util.AttributeSet)	0	[false, false]		private	false	/home/nima/Developer/nullness-benchmarks/FloatingActionButtonSpeedDial/library-view/src/main/java/com/leinardi/android/speeddial/SpeedDialView.java
148	com.leinardi.android.speeddial.SpeedDialView	createMainFab()	0	[]		private	true	/home/nima/Developer/nullness-benchmarks/FloatingActionButtonSpeedDial/library-view/src/main/java/com/leinardi/android/speeddial/SpeedDialView.java
149	com.leinardi.android.speeddial.SpeedDialView$5	onClick(android.view.View)	99	[false]	java.lang.Override	public	false	/home/nima/Developer/nullness-benchmarks/FloatingActionButtonSpeedDial/library-view/src/main/java/com/leinardi/android/speeddial/SpeedDialView.java
150	com.leinardi.android.speeddial.SpeedDialView	toggle(boolean,boolean)	0	[false, false]		private	false	/home/nima/Developer/nullness-benchmarks/FloatingActionButtonSpeedDial/library-view/src/main/java/com/leinardi/android/speeddial/SpeedDialView.java
151	com.leinardi.android.speeddial.SpeedDialView	updateMainFabDrawable(boolean)	0	[false]		private	false	/home/nima/Developer/nullness-benchmarks/FloatingActionButtonSpeedDial/library-view/src/main/java/com/leinardi/android/speeddial/SpeedDialView.java
152	com.leinardi.android.speeddial.SpeedDialView	updateMainFabBackgroundColor()	0	[]		private	false	/home/nima/Developer/nullness-benchmarks/FloatingActionButtonSpeedDial/library-view/src/main/java/com/leinardi/android/speeddial/SpeedDialView.java
153	com.leinardi.android.speeddial.SpeedDialView	updateMainFabIconColor()	0	[]		private	false	/home/nima/Developer/nullness-benchmarks/FloatingActionButtonSpeedDial/library-view/src/main/java/com/leinardi/android/speeddial/SpeedDialView.java
154	com.leinardi.android.speeddial.SpeedDialView	updateElevation()	0	[]		private	false	/home/nima/Developer/nullness-benchmarks/FloatingActionButtonSpeedDial/library-view/src/main/java/com/leinardi/android/speeddial/SpeedDialView.java
155	com.leinardi.android.speeddial.SpeedDialView	showHideOverlay(boolean,boolean)	0	[false, false]		private	false	/home/nima/Developer/nullness-benchmarks/FloatingActionButtonSpeedDial/library-view/src/main/java/com/leinardi/android/speeddial/SpeedDialView.java
156	com.leinardi.android.speeddial.SpeedDialView	findFabWithLabelViewById(int)	0	[false]		private	true	/home/nima/Developer/nullness-benchmarks/FloatingActionButtonSpeedDial/library-view/src/main/java/com/leinardi/android/speeddial/SpeedDialView.java
157	com.leinardi.android.speeddial.SpeedDialView	visibilitySetup(boolean,boolean,boolean)	0	[false, false, false]		private	false	/home/nima/Developer/nullness-benchmarks/FloatingActionButtonSpeedDial/library-view/src/main/java/com/leinardi/android/speeddial/SpeedDialView.java
158	com.leinardi.android.speeddial.SpeedDialView	showWithAnimationFabWithLabelView(com.leinardi.android.speeddial.FabWithLabelView,int)	0	[false, false]		private	false	/home/nima/Developer/nullness-benchmarks/FloatingActionButtonSpeedDial/library-view/src/main/java/com/leinardi/android/speeddial/SpeedDialView.java
159	com.leinardi.android.speeddial.SpeedDialView	hideWithAnimationFabWithLabelView(com.leinardi.android.speeddial.FabWithLabelView,int)	0	[false, false]		private	false	/home/nima/Developer/nullness-benchmarks/FloatingActionButtonSpeedDial/library-view/src/main/java/com/leinardi/android/speeddial/SpeedDialView.java
160	com.leinardi.android.speeddial.SpeedDialView$6	onAnimationEnd(android.view.animation.Animation)	14	[false]	java.lang.Override	public	false	/home/nima/Developer/nullness-benchmarks/FloatingActionButtonSpeedDial/library-view/src/main/java/com/leinardi/android/speeddial/SpeedDialView.java
161	com.leinardi.android.speeddial.SpeedDialView$6	onAnimationStart(android.view.animation.Animation)	16	[false]	java.lang.Override	public	false	/home/nima/Developer/nullness-benchmarks/FloatingActionButtonSpeedDial/library-view/src/main/java/com/leinardi/android/speeddial/SpeedDialView.java
162	com.leinardi.android.speeddial.SpeedDialView$6	onAnimationRepeat(android.view.animation.Animation)	18	[false]	java.lang.Override	public	false	/home/nima/Developer/nullness-benchmarks/FloatingActionButtonSpeedDial/library-view/src/main/java/com/leinardi/android/speeddial/SpeedDialView.java
163	com.leinardi.android.speeddial.SpeedDialView$OnChangeListener	onMainActionSelected()	0	[]		public	false	/home/nima/Developer/nullness-benchmarks/FloatingActionButtonSpeedDial/library-view/src/main/java/com/leinardi/android/speeddial/SpeedDialView.java
164	com.leinardi.android.speeddial.SpeedDialView$OnChangeListener	onToggleChanged(boolean)	0	[false]		public	false	/home/nima/Developer/nullness-benchmarks/FloatingActionButtonSpeedDial/library-view/src/main/java/com/leinardi/android/speeddial/SpeedDialView.java
72	com.leinardi.android.speeddial.SpeedDialView$OnActionSelectedListener	onActionSelected(com.leinardi.android.speeddial.SpeedDialActionItem)	0	[false]		public	false	/home/nima/Developer/nullness-benchmarks/FloatingActionButtonSpeedDial/library-view/src/main/java/com/leinardi/android/speeddial/SpeedDialView.java
165	com.leinardi.android.speeddial.SpeedDialView$InstanceState	describeContents()	63	[]	java.lang.Override	public	false	/home/nima/Developer/nullness-benchmarks/FloatingActionButtonSpeedDial/library-view/src/main/java/com/leinardi/android/speeddial/SpeedDialView.java
166	com.leinardi.android.speeddial.SpeedDialView$InstanceState	writeToParcel(android.os.Parcel,int)	65	[false, false]	java.lang.Override	public	false	/home/nima/Developer/nullness-benchmarks/FloatingActionButtonSpeedDial/library-view/src/main/java/com/leinardi/android/speeddial/SpeedDialView.java
167	com.leinardi.android.speeddial.SpeedDialView$InstanceState	InstanceState()	0	[]		public	false	/home/nima/Developer/nullness-benchmarks/FloatingActionButtonSpeedDial/library-view/src/main/java/com/leinardi/android/speeddial/SpeedDialView.java
168	com.leinardi.android.speeddial.SpeedDialView$InstanceState	InstanceState(android.os.Parcel)	0	[false]		protected	false	/home/nima/Developer/nullness-benchmarks/FloatingActionButtonSpeedDial/library-view/src/main/java/com/leinardi/android/speeddial/SpeedDialView.java
169	com.leinardi.android.speeddial.SpeedDialView$InstanceState$1	createFromParcel(android.os.Parcel)	68	[false]	java.lang.Override	public	true	/home/nima/Developer/nullness-benchmarks/FloatingActionButtonSpeedDial/library-view/src/main/java/com/leinardi/android/speeddial/SpeedDialView.java
170	com.leinardi.android.speeddial.SpeedDialView$InstanceState$1	newArray(int)	70	[false]	java.lang.Override	public	true	/home/nima/Developer/nullness-benchmarks/FloatingActionButtonSpeedDial/library-view/src/main/java/com/leinardi/android/speeddial/SpeedDialView.java
171	com.leinardi.android.speeddial.SpeedDialView$SnackbarBehavior	SnackbarBehavior()	0	[]		public	false	/home/nima/Developer/nullness-benchmarks/FloatingActionButtonSpeedDial/library-view/src/main/java/com/leinardi/android/speeddial/SpeedDialView.java
172	com.leinardi.android.speeddial.SpeedDialView$SnackbarBehavior	SnackbarBehavior(android.content.Context,android.util.AttributeSet)	0	[false, false]		public	false	/home/nima/Developer/nullness-benchmarks/FloatingActionButtonSpeedDial/library-view/src/main/java/com/leinardi/android/speeddial/SpeedDialView.java
173	com.leinardi.android.speeddial.SpeedDialView$SnackbarBehavior	isBottomSheet(android.view.View)	0	[false]		private	false	/home/nima/Developer/nullness-benchmarks/FloatingActionButtonSpeedDial/library-view/src/main/java/com/leinardi/android/speeddial/SpeedDialView.java
174	com.leinardi.android.speeddial.SpeedDialView$SnackbarBehavior	isAutoHideEnabled()	0	[]		public	false	/home/nima/Developer/nullness-benchmarks/FloatingActionButtonSpeedDial/library-view/src/main/java/com/leinardi/android/speeddial/SpeedDialView.java
175	com.leinardi.android.speeddial.SpeedDialView$SnackbarBehavior	setAutoHideEnabled(boolean)	0	[false]		public	false	/home/nima/Developer/nullness-benchmarks/FloatingActionButtonSpeedDial/library-view/src/main/java/com/leinardi/android/speeddial/SpeedDialView.java
176	com.leinardi.android.speeddial.SpeedDialView$SnackbarBehavior	onAttachedToLayoutParams(androidx.coordinatorlayout.widget.CoordinatorLayout.LayoutParams)	177	[false]	java.lang.Override	public	false	/home/nima/Developer/nullness-benchmarks/FloatingActionButtonSpeedDial/library-view/src/main/java/com/leinardi/android/speeddial/SpeedDialView.java
178	com.leinardi.android.speeddial.SpeedDialView$SnackbarBehavior	onDependentViewChanged(androidx.coordinatorlayout.widget.CoordinatorLayout,android.view.View,android.view.View)	179	[false, false, false]	java.lang.Override	public	false	/home/nima/Developer/nullness-benchmarks/FloatingActionButtonSpeedDial/library-view/src/main/java/com/leinardi/android/speeddial/SpeedDialView.java
180	com.leinardi.android.speeddial.SpeedDialView$SnackbarBehavior	onLayoutChild(androidx.coordinatorlayout.widget.CoordinatorLayout,android.view.View,int)	181	[false, false, false]	java.lang.Override	public	false	/home/nima/Developer/nullness-benchmarks/FloatingActionButtonSpeedDial/library-view/src/main/java/com/leinardi/android/speeddial/SpeedDialView.java
182	com.leinardi.android.speeddial.SpeedDialView$SnackbarBehavior	setInternalAutoHideListener(com.google.android.material.floatingactionbutton.FloatingActionButton.OnVisibilityChangedListener)	0	[false]	androidx.annotation.VisibleForTesting	package	false	/home/nima/Developer/nullness-benchmarks/FloatingActionButtonSpeedDial/library-view/src/main/java/com/leinardi/android/speeddial/SpeedDialView.java
183	com.leinardi.android.speeddial.SpeedDialView$SnackbarBehavior	show(android.view.View)	0	[false]		protected	false	/home/nima/Developer/nullness-benchmarks/FloatingActionButtonSpeedDial/library-view/src/main/java/com/leinardi/android/speeddial/SpeedDialView.java
184	com.leinardi.android.speeddial.SpeedDialView$SnackbarBehavior	hide(android.view.View)	0	[false]		protected	false	/home/nima/Developer/nullness-benchmarks/FloatingActionButtonSpeedDial/library-view/src/main/java/com/leinardi/android/speeddial/SpeedDialView.java
185	com.leinardi.android.speeddial.SpeedDialView$SnackbarBehavior	shouldUpdateVisibility(android.view.View,android.view.View)	0	[false, false]		private	false	/home/nima/Developer/nullness-benchmarks/FloatingActionButtonSpeedDial/library-view/src/main/java/com/leinardi/android/speeddial/SpeedDialView.java
186	com.leinardi.android.speeddial.SpeedDialView$SnackbarBehavior	updateFabVisibilityForAppBarLayout(androidx.coordinatorlayout.widget.CoordinatorLayout,com.google.android.material.appbar.AppBarLayout,android.view.View)	0	[false, false, false]		private	false	/home/nima/Developer/nullness-benchmarks/FloatingActionButtonSpeedDial/library-view/src/main/java/com/leinardi/android/speeddial/SpeedDialView.java
187	com.leinardi.android.speeddial.SpeedDialView$SnackbarBehavior	getMinimumHeightForVisibleOverlappingContent(com.google.android.material.appbar.AppBarLayout)	0	[false]		private	false	/home/nima/Developer/nullness-benchmarks/FloatingActionButtonSpeedDial/library-view/src/main/java/com/leinardi/android/speeddial/SpeedDialView.java
188	com.leinardi.android.speeddial.SpeedDialView$SnackbarBehavior	updateFabVisibilityForBottomSheet(android.view.View,android.view.View)	0	[false, false]		private	false	/home/nima/Developer/nullness-benchmarks/FloatingActionButtonSpeedDial/library-view/src/main/java/com/leinardi/android/speeddial/SpeedDialView.java
189	com.leinardi.android.speeddial.SpeedDialView$ScrollingViewSnackbarBehavior	ScrollingViewSnackbarBehavior()	0	[]		public	false	/home/nima/Developer/nullness-benchmarks/FloatingActionButtonSpeedDial/library-view/src/main/java/com/leinardi/android/speeddial/SpeedDialView.java
190	com.leinardi.android.speeddial.SpeedDialView$ScrollingViewSnackbarBehavior	ScrollingViewSnackbarBehavior(android.content.Context,android.util.AttributeSet)	0	[false, false]		public	false	/home/nima/Developer/nullness-benchmarks/FloatingActionButtonSpeedDial/library-view/src/main/java/com/leinardi/android/speeddial/SpeedDialView.java
191	com.leinardi.android.speeddial.SpeedDialView$ScrollingViewSnackbarBehavior	onStartNestedScroll(androidx.coordinatorlayout.widget.CoordinatorLayout,android.view.View,android.view.View,android.view.View,int,int)	192	[false, false, false, false, false, false]	java.lang.Override	public	false	/home/nima/Developer/nullness-benchmarks/FloatingActionButtonSpeedDial/library-view/src/main/java/com/leinardi/android/speeddial/SpeedDialView.java
193	com.leinardi.android.speeddial.SpeedDialView$ScrollingViewSnackbarBehavior	layoutDependsOn(androidx.coordinatorlayout.widget.CoordinatorLayout,android.view.View,android.view.View)	194	[false, false, false]	java.lang.Override	public	false	/home/nima/Developer/nullness-benchmarks/FloatingActionButtonSpeedDial/library-view/src/main/java/com/leinardi/android/speeddial/SpeedDialView.java
195	com.leinardi.android.speeddial.SpeedDialView$ScrollingViewSnackbarBehavior	onNestedScroll(androidx.coordinatorlayout.widget.CoordinatorLayout,android.view.View,android.view.View,int,int,int,int,int,int[])	196	[false, false, false, false, false, false, false, false, false]	java.lang.Override	public	false	/home/nima/Developer/nullness-benchmarks/FloatingActionButtonSpeedDial/library-view/src/main/java/com/leinardi/android/speeddial/SpeedDialView.java
197	com.leinardi.android.speeddial.SpeedDialView$NoBehavior	NoBehavior()	0	[]		public	false	/home/nima/Developer/nullness-benchmarks/FloatingActionButtonSpeedDial/library-view/src/main/java/com/leinardi/android/speeddial/SpeedDialView.java
198	com.leinardi.android.speeddial.SpeedDialView$NoBehavior	NoBehavior(android.content.Context,android.util.AttributeSet)	0	[false, false]		public	false	/home/nima/Developer/nullness-benchmarks/FloatingActionButtonSpeedDial/library-view/src/main/java/com/leinardi/android/speeddial/SpeedDialView.java
199	com.leinardi.android.speeddial.FabWithLabelView	FabWithLabelView(android.content.Context)	0	[false]		public	false	/home/nima/Developer/nullness-benchmarks/FloatingActionButtonSpeedDial/library-view/src/main/java/com/leinardi/android/speeddial/FabWithLabelView.java
200	com.leinardi.android.speeddial.FabWithLabelView	FabWithLabelView(android.content.Context,android.util.AttributeSet)	0	[false, false]		public	false	/home/nima/Developer/nullness-benchmarks/FloatingActionButtonSpeedDial/library-view/src/main/java/com/leinardi/android/speeddial/FabWithLabelView.java
201	com.leinardi.android.speeddial.FabWithLabelView	FabWithLabelView(android.content.Context,android.util.AttributeSet,int)	0	[false, false, false]		public	false	/home/nima/Developer/nullness-benchmarks/FloatingActionButtonSpeedDial/library-view/src/main/java/com/leinardi/android/speeddial/FabWithLabelView.java
202	com.leinardi.android.speeddial.FabWithLabelView	setVisibility(int)	203	[false]	android.annotation.SuppressLint,java.lang.Override	public	false	/home/nima/Developer/nullness-benchmarks/FloatingActionButtonSpeedDial/library-view/src/main/java/com/leinardi/android/speeddial/FabWithLabelView.java
204	com.leinardi.android.speeddial.FabWithLabelView	setOrientation(int)	82	[false]	java.lang.Override	public	false	/home/nima/Developer/nullness-benchmarks/FloatingActionButtonSpeedDial/library-view/src/main/java/com/leinardi/android/speeddial/FabWithLabelView.java
205	com.leinardi.android.speeddial.FabWithLabelView	isLabelEnabled()	0	[]		public	false	/home/nima/Developer/nullness-benchmarks/FloatingActionButtonSpeedDial/library-view/src/main/java/com/leinardi/android/speeddial/FabWithLabelView.java
206	com.leinardi.android.speeddial.FabWithLabelView	setLabelEnabled(boolean)	0	[false]		private	false	/home/nima/Developer/nullness-benchmarks/FloatingActionButtonSpeedDial/library-view/src/main/java/com/leinardi/android/speeddial/FabWithLabelView.java
207	com.leinardi.android.speeddial.FabWithLabelView	getLabelBackground()	0	[]		public	true	/home/nima/Developer/nullness-benchmarks/FloatingActionButtonSpeedDial/library-view/src/main/java/com/leinardi/android/speeddial/FabWithLabelView.java
208	com.leinardi.android.speeddial.FabWithLabelView	getFab()	0	[]		public	true	/home/nima/Developer/nullness-benchmarks/FloatingActionButtonSpeedDial/library-view/src/main/java/com/leinardi/android/speeddial/FabWithLabelView.java
209	com.leinardi.android.speeddial.FabWithLabelView	getSpeedDialActionItem()	0	[]		public	true	/home/nima/Developer/nullness-benchmarks/FloatingActionButtonSpeedDial/library-view/src/main/java/com/leinardi/android/speeddial/FabWithLabelView.java
210	com.leinardi.android.speeddial.FabWithLabelView	getSpeedDialActionItemBuilder()	0	[]		public	true	/home/nima/Developer/nullness-benchmarks/FloatingActionButtonSpeedDial/library-view/src/main/java/com/leinardi/android/speeddial/FabWithLabelView.java
211	com.leinardi.android.speeddial.FabWithLabelView	setSpeedDialActionItem(com.leinardi.android.speeddial.SpeedDialActionItem)	0	[false]		public	false	/home/nima/Developer/nullness-benchmarks/FloatingActionButtonSpeedDial/library-view/src/main/java/com/leinardi/android/speeddial/FabWithLabelView.java
212	com.leinardi.android.speeddial.FabWithLabelView	setOnActionSelectedListener(com.leinardi.android.speeddial.SpeedDialView.OnActionSelectedListener)	0	[false]		public	false	/home/nima/Developer/nullness-benchmarks/FloatingActionButtonSpeedDial/library-view/src/main/java/com/leinardi/android/speeddial/FabWithLabelView.java
213	com.leinardi.android.speeddial.FabWithLabelView$1	onClick(android.view.View)	99	[false]	java.lang.Override	public	false	/home/nima/Developer/nullness-benchmarks/FloatingActionButtonSpeedDial/library-view/src/main/java/com/leinardi/android/speeddial/FabWithLabelView.java
214	com.leinardi.android.speeddial.FabWithLabelView$2	onClick(android.view.View)	99	[false]	java.lang.Override	public	false	/home/nima/Developer/nullness-benchmarks/FloatingActionButtonSpeedDial/library-view/src/main/java/com/leinardi/android/speeddial/FabWithLabelView.java
215	com.leinardi.android.speeddial.FabWithLabelView$3	onClick(android.view.View)	99	[false]	java.lang.Override	public	false	/home/nima/Developer/nullness-benchmarks/FloatingActionButtonSpeedDial/library-view/src/main/java/com/leinardi/android/speeddial/FabWithLabelView.java
216	com.leinardi.android.speeddial.FabWithLabelView	init(android.content.Context,android.util.AttributeSet)	0	[false, false]		private	false	/home/nima/Developer/nullness-benchmarks/FloatingActionButtonSpeedDial/library-view/src/main/java/com/leinardi/android/speeddial/FabWithLabelView.java
217	com.leinardi.android.speeddial.FabWithLabelView	setFabSize(int)	0	[false]		private	false	/home/nima/Developer/nullness-benchmarks/FloatingActionButtonSpeedDial/library-view/src/main/java/com/leinardi/android/speeddial/FabWithLabelView.java
218	com.leinardi.android.speeddial.FabWithLabelView	setFabIcon(android.graphics.drawable.Drawable)	0	[false]		private	false	/home/nima/Developer/nullness-benchmarks/FloatingActionButtonSpeedDial/library-view/src/main/java/com/leinardi/android/speeddial/FabWithLabelView.java
219	com.leinardi.android.speeddial.FabWithLabelView	setLabel(java.lang.CharSequence)	0	[false]		private	false	/home/nima/Developer/nullness-benchmarks/FloatingActionButtonSpeedDial/library-view/src/main/java/com/leinardi/android/speeddial/FabWithLabelView.java
220	com.leinardi.android.speeddial.FabWithLabelView	setLabelClickable(boolean)	0	[false]		private	false	/home/nima/Developer/nullness-benchmarks/FloatingActionButtonSpeedDial/library-view/src/main/java/com/leinardi/android/speeddial/FabWithLabelView.java
221	com.leinardi.android.speeddial.FabWithLabelView	setFabContentDescription(java.lang.CharSequence)	0	[false]		private	false	/home/nima/Developer/nullness-benchmarks/FloatingActionButtonSpeedDial/library-view/src/main/java/com/leinardi/android/speeddial/FabWithLabelView.java
222	com.leinardi.android.speeddial.FabWithLabelView	setFabImageTintColor(int)	0	[false]		private	false	/home/nima/Developer/nullness-benchmarks/FloatingActionButtonSpeedDial/library-view/src/main/java/com/leinardi/android/speeddial/FabWithLabelView.java
223	com.leinardi.android.speeddial.FabWithLabelView	setFabBackgroundColor(int)	0	[false]		private	false	/home/nima/Developer/nullness-benchmarks/FloatingActionButtonSpeedDial/library-view/src/main/java/com/leinardi/android/speeddial/FabWithLabelView.java
224	com.leinardi.android.speeddial.FabWithLabelView	setLabelColor(int)	0	[false]		private	false	/home/nima/Developer/nullness-benchmarks/FloatingActionButtonSpeedDial/library-view/src/main/java/com/leinardi/android/speeddial/FabWithLabelView.java
225	com.leinardi.android.speeddial.FabWithLabelView	setLabelBackgroundColor(int)	0	[false]		private	false	/home/nima/Developer/nullness-benchmarks/FloatingActionButtonSpeedDial/library-view/src/main/java/com/leinardi/android/speeddial/FabWithLabelView.java
226	com.leinardi.android.speeddial.SpeedDialOverlayLayout	SpeedDialOverlayLayout(android.content.Context)	0	[false]		public	false	/home/nima/Developer/nullness-benchmarks/FloatingActionButtonSpeedDial/library-view/src/main/java/com/leinardi/android/speeddial/SpeedDialOverlayLayout.java
227	com.leinardi.android.speeddial.SpeedDialOverlayLayout	SpeedDialOverlayLayout(android.content.Context,android.util.AttributeSet)	0	[false, false]		public	false	/home/nima/Developer/nullness-benchmarks/FloatingActionButtonSpeedDial/library-view/src/main/java/com/leinardi/android/speeddial/SpeedDialOverlayLayout.java
228	com.leinardi.android.speeddial.SpeedDialOverlayLayout	SpeedDialOverlayLayout(android.content.Context,android.util.AttributeSet,int)	0	[false, false, false]		public	false	/home/nima/Developer/nullness-benchmarks/FloatingActionButtonSpeedDial/library-view/src/main/java/com/leinardi/android/speeddial/SpeedDialOverlayLayout.java
229	com.leinardi.android.speeddial.SpeedDialOverlayLayout	hasClickableOverlay()	0	[]		public	false	/home/nima/Developer/nullness-benchmarks/FloatingActionButtonSpeedDial/library-view/src/main/java/com/leinardi/android/speeddial/SpeedDialOverlayLayout.java
230	com.leinardi.android.speeddial.SpeedDialOverlayLayout	setClickableOverlay(boolean)	0	[false]		public	false	/home/nima/Developer/nullness-benchmarks/FloatingActionButtonSpeedDial/library-view/src/main/java/com/leinardi/android/speeddial/SpeedDialOverlayLayout.java
231	com.leinardi.android.speeddial.SpeedDialOverlayLayout	setAnimationDuration(int)	0	[false]		public	false	/home/nima/Developer/nullness-benchmarks/FloatingActionButtonSpeedDial/library-view/src/main/java/com/leinardi/android/speeddial/SpeedDialOverlayLayout.java
232	com.leinardi.android.speeddial.SpeedDialOverlayLayout	show()	0	[]		public	false	/home/nima/Developer/nullness-benchmarks/FloatingActionButtonSpeedDial/library-view/src/main/java/com/leinardi/android/speeddial/SpeedDialOverlayLayout.java
233	com.leinardi.android.speeddial.SpeedDialOverlayLayout	show(boolean)	0	[false]		public	false	/home/nima/Developer/nullness-benchmarks/FloatingActionButtonSpeedDial/library-view/src/main/java/com/leinardi/android/speeddial/SpeedDialOverlayLayout.java
234	com.leinardi.android.speeddial.SpeedDialOverlayLayout	hide()	0	[]		public	false	/home/nima/Developer/nullness-benchmarks/FloatingActionButtonSpeedDial/library-view/src/main/java/com/leinardi/android/speeddial/SpeedDialOverlayLayout.java
235	com.leinardi.android.speeddial.SpeedDialOverlayLayout	hide(boolean)	0	[false]		public	false	/home/nima/Developer/nullness-benchmarks/FloatingActionButtonSpeedDial/library-view/src/main/java/com/leinardi/android/speeddial/SpeedDialOverlayLayout.java
236	com.leinardi.android.speeddial.SpeedDialOverlayLayout	setOnClickListener(android.view.View.OnClickListener)	237	[false]	java.lang.Override	public	false	/home/nima/Developer/nullness-benchmarks/FloatingActionButtonSpeedDial/library-view/src/main/java/com/leinardi/android/speeddial/SpeedDialOverlayLayout.java
238	com.leinardi.android.speeddial.SpeedDialOverlayLayout	init(android.content.Context,android.util.AttributeSet)	0	[false, false]		private	false	/home/nima/Developer/nullness-benchmarks/FloatingActionButtonSpeedDial/library-view/src/main/java/com/leinardi/android/speeddial/SpeedDialOverlayLayout.java
239	com.leinardi.android.speeddial.ViewGroupUtils	ViewGroupUtils()	0	[]		private	false	/home/nima/Developer/nullness-benchmarks/FloatingActionButtonSpeedDial/library-view/src/main/java/com/leinardi/android/speeddial/ViewGroupUtils.java
240	com.leinardi.android.speeddial.ViewGroupUtils	offsetDescendantRect(android.view.ViewGroup,android.view.View,android.graphics.Rect)	0	[false, false, false]		package	false	/home/nima/Developer/nullness-benchmarks/FloatingActionButtonSpeedDial/library-view/src/main/java/com/leinardi/android/speeddial/ViewGroupUtils.java
241	com.leinardi.android.speeddial.ViewGroupUtils	getDescendantRect(android.view.ViewGroup,android.view.View,android.graphics.Rect)	0	[false, false, false]		package	false	/home/nima/Developer/nullness-benchmarks/FloatingActionButtonSpeedDial/library-view/src/main/java/com/leinardi/android/speeddial/ViewGroupUtils.java
242	com.leinardi.android.speeddial.ViewGroupUtils	offsetDescendantMatrix(android.view.ViewParent,android.view.View,android.graphics.Matrix)	0	[false, false, false]		private	false	/home/nima/Developer/nullness-benchmarks/FloatingActionButtonSpeedDial/library-view/src/main/java/com/leinardi/android/speeddial/ViewGroupUtils.java
